{
  "version": 1,
  "author": "Tamanna Tadwal",
  "editor": "wokwi",
  "parts": [
    { "type": "wokwi-esp32-devkit-v1", "id": "esp", "top": -46.66, "left": -271.71, "attrs": {} },
    {
      "type": "wokwi-membrane-keypad",
      "id": "keypad1",
      "top": -139.37,
      "left": 30.6,
      "attrs": {}
    }
  ],
  "connections": [
    [ "esp:TX0", "$serialMonitor:RX", "", [] ],
    [ "esp:RX0", "$serialMonitor:TX", "", [] ],
    [ "keypad1:R1", "esp:D19", "green", [ "v65.74", "h-179.77", "v-250.67" ] ],
    [ "keypad1:R2", "esp:D18", "green", [ "v80.4", "h-197.77", "v-2.67" ] ],
    [ "keypad1:R3", "esp:D5", "green", [ "v101.26", "h-217.74", "v-254.63", "h-3.42" ] ],
    [ "keypad1:R4", "esp:TX2", "green", [ "v118.35", "h-244.33", "v-259.76", "h3.42" ] ],
    [ "keypad1:C1", "esp:RX2", "green", [ "v131.17", "h-264.94", "v-264.03" ] ],
    [ "keypad1:C2", "esp:D4", "green", [ "v149.11", "h-290.68", "v-270.87" ] ],
    [ "keypad1:C3", "esp:D2", "green", [ "v155.95", "h-315.81", "v-271.72", "h-1.71" ] ],
    [ "keypad1:C4", "esp:D15", "green", [ "v169.62", "h-341.79", "v-277.71" ] ]
  ]
}